Model,Accuracy,Precision,Recall,F1 Score
Logistic Regression,0.7704918032786885,0.7027027027027027,0.896551724137931,0.7878787878787878
