Model,Accuracy,Precision,Recall,F1 Score,ROC-AUC
SVM,0.7704918032786885,0.7714285714285715,0.8181818181818182,0.7941176470588235,0.841991341991342
